date,product,category,region,quantity,unit_price,revenue,cost,profit,customer_id,payment_method
2023-01-01 00:00:00.000000000,Wireless Mouse,Peripherals,Middle East,39,427.61,16676.79,8967.05,7709.74,CUST-2391,PayPal
2023-01-02 11:06:36.793587174,Laptop Pro,Electronics,Latin America,29,45.52,1320.08,748.74,571.34,CUST-1861,Bank Transfer
2023-01-03 22:13:13.587174348,Keyboard Mechanical,Peripherals,Latin America,15,617.71,9265.65,6098.55,3167.1,CUST-3549,PayPal
2023-01-05 09:19:50.380761523,"Monitor 27""",Electronics,North America,43,578.04,24855.72,13932.15,10923.57,CUST-3579,Bank Transfer
2023-01-06 20:26:27.174348697,"Monitor 27""",Accessories,,8,180.67,1445.36,658.13,787.23,CUST-1815,Credit Card
2023-01-08 07:33:03.967935871,USB Hub,Peripherals,Asia Pacific,21,24.72,519.12,254.31,264.81,CUST-2336,PayPal
2023-01-09 18:39:40.761523046,Wireless Mouse,Peripherals,Latin America,39,607.73,23701.47,11684.38,12017.09,CUST-5458,PayPal
2023-01-11 05:46:17.555110220,Phone Case,Peripherals,Asia Pacific,19,333.16,6330.04,3286.53,3043.51,CUST-8259,PayPal
2023-01-12 16:52:54.348697394,Wireless Mouse,Peripherals,Asia Pacific,23,357.5,8222.5,4341.78,3880.72,CUST-7947,Bank Transfer
2023-01-14 03:59:31.142284569,Fast Charger 65W,Accessories,North America,11,449.32,4942.52,3162.89,1779.63,CUST-8957,Credit Card
2023-01-15 15:06:07.935871743,Headset Pro,Electronics,Europe,11,406.07,4466.77,2254.9,2211.87,CUST-8242,Credit Card
2023-01-17 02:12:44.729458917,Laptop Pro,Electronics,Asia Pacific,24,614.37,14744.88,7969.16,6775.72,CUST-7785,Credit Card
2023-01-18 13:19:21.523046092,Laptop Pro,Peripherals,Latin America,36,614.6,22125.6,12998.63,9126.97,CUST-5475,Credit Card
2023-01-20 00:25:58.316633266,Wireless Mouse,Accessories,Latin America,40,565.67,22626.8,11614.74,11012.06,CUST-4531,Bank Transfer
2023-01-21 11:32:35.110220440,"Monitor 27""",Electronics,Asia Pacific,24,419.12,10058.88,6548.02,3510.86,CUST-9394,PayPal
2023-01-22 22:39:11.903807615,"Monitor 27""",Electronics,Latin America,3,523.6,1570.8,905.15,665.65,CUST-2864,Stripe
2023-01-24 09:45:48.697394789,Phone Case,Electronics,Middle East,22,445.0,9790.0,4779.61,5010.39,CUST-6655,Credit Card
2023-01-25 20:52:25.490981963,Fast Charger 65W,Electronics,North America,2,379.09,758.18,465.69,292.49,CUST-8043,Stripe
2023-01-27 07:59:02.284569138,Laptop Pro,Electronics,Latin America,24,96.6,2318.4,1294.35,1024.05,CUST-2816,Bank Transfer
2023-01-28 19:05:39.078156312,Phone Case,Electronics,North America,44,530.11,23324.84,13069.77,10255.07,CUST-5640,Bank Transfer
2023-01-30 06:12:15.871743487,"Monitor 27""",Accessories,Asia Pacific,30,536.11,16083.3,8754.56,7328.74,CUST-8972,Stripe
2023-01-31 17:18:52.665330661,Phone Case,Peripherals,Asia Pacific,38,412.47,15673.86,8606.57,7067.29,CUST-9633,PayPal
2023-02-02 04:25:29.458917835,Headset Pro,Electronics,Asia Pacific,2,535.97,1071.94,674.9,397.04,CUST-6053,Stripe
2023-02-03 15:32:06.252505010,"Monitor 27""",Accessories,North America,21,428.69,9002.49,3879.12,5123.37,CUST-1744,Bank Transfer
2023-02-05 02:38:43.046092184,Tablet Air,Accessories,Latin America,33,146.24,4825.92,2414.45,2411.47,CUST-4612,Stripe
2023-02-06 13:45:19.839679358,Fast Charger 65W,Peripherals,Middle East,12,188.97,2267.64,958.42,1309.22,CUST-7475,Credit Card
2023-02-08 00:51:56.633266533,Keyboard Mechanical,Peripherals,North America,22,151.26,3327.72,2083.07,1244.65,CUST-1897,Credit Card
2023-02-09 11:58:33.426853707,Laptop Pro,Electronics,Middle East,44,254.56,11200.64,5395.24,5805.4,CUST-1125,PayPal
2023-02-10 23:05:10.220440881,USB Hub,Peripherals,Latin America,25,39.74,993.5,664.88,328.62,CUST-4349,Stripe
2023-02-12 10:11:47.014028056,Headset Pro,Peripherals,Latin America,49,407.59,19971.91,11143.8,8828.11,CUST-5938,Stripe
2023-02-13 21:18:23.807615230,Webcam 4K,Accessories,North America,27,228.71,6175.17,,2221.67,CUST-4460,Stripe
2023-02-15 08:25:00.601202404,Keyboard Mechanical,Accessories,Europe,42,431.38,18117.96,12568.06,5549.9,CUST-3248,Stripe
2023-02-16 19:31:37.394789579,USB Hub,Accessories,Middle East,28,259.73,7272.44,4741.17,2531.27,CUST-5186,PayPal
2023-02-18 06:38:14.188376753,"Monitor 27""",Electronics,Asia Pacific,16,447.82,7165.12,4729.68,2435.44,CUST-5742,Bank Transfer
2023-02-19 17:44:50.981963927,Webcam 4K,Electronics,,15,231.3,3469.5,1812.45,1657.05,CUST-6375,PayPal
2023-02-21 04:51:27.775551102,Wireless Mouse,Peripherals,Latin America,47,180.54,8485.38,4798.62,3686.76,CUST-2965,Bank Transfer
2023-02-22 15:58:04.569138276,Wireless Mouse,Peripherals,Latin America,44,329.98,14519.12,6913.52,7605.6,CUST-1126,Bank Transfer
2023-02-24 03:04:41.362725451,Headset Pro,Electronics,North America,3,454.99,1364.97,626.29,738.68,CUST-9149,Bank Transfer
2023-02-25 14:11:18.156312625,Wireless Mouse,Electronics,Europe,37,236.19,8739.03,4820.91,3918.12,CUST-8055,Stripe
2023-02-27 01:17:54.949899799,Webcam 4K,Accessories,Asia Pacific,7,609.77,4268.39,2469.33,1799.06,CUST-3878,PayPal
2023-02-28 12:24:31.743486974,Webcam 4K,Electronics,Middle East,21,39.88,837.48,420.23,417.25,CUST-3116,Bank Transfer
2023-03-01 23:31:08.537074148,Fast Charger 65W,Electronics,Europe,9,280.4,2523.6,1440.55,1083.05,CUST-7229,Credit Card
2023-03-03 10:37:45.330661322,Keyboard Mechanical,Peripherals,Asia Pacific,39,629.41,24546.99,16354.14,8192.85,CUST-9725,Bank Transfer
2023-03-04 21:44:22.124248497,Laptop Pro,Peripherals,Latin America,18,362.96,6533.28,3704.48,2828.8,CUST-4770,PayPal
2023-03-06 08:50:58.917835671,Tablet Air,Accessories,Latin America,4,283.9,1135.6,699.81,435.79,CUST-9196,Stripe
2023-03-07 19:57:35.711422845,Phone Case,Electronics,North America,25,376.01,9400.25,6031.15,3369.1,CUST-6802,Credit Card
2023-03-09 07:04:12.505010020,Wireless Mouse,Peripherals,North America,14,380.71,5329.94,3712.94,1617.0,CUST-2180,Bank Transfer
2023-03-10 18:10:49.298597194,Headset Pro,Electronics,Middle East,9,479.6,4316.4,2507.65,1808.75,CUST-7505,Stripe
2023-03-12 05:17:26.092184368,Wireless Mouse,Electronics,Europe,26,96.08,2498.08,1603.9,894.18,CUST-1693,PayPal
2023-03-13 16:24:02.885771543,Phone Case,Accessories,Europe,2,173.76,347.52,239.37,108.15,CUST-8147,PayPal
2023-03-15 03:30:39.679358717,Keyboard Mechanical,Electronics,Asia Pacific,20,383.65,7673.0,5243.14,2429.86,CUST-1307,Credit Card
2023-03-16 14:37:16.472945892,Fast Charger 65W,Accessories,Middle East,28,565.62,15837.36,7005.25,8832.11,CUST-8532,Credit Card
2023-03-18 01:43:53.266533066,Webcam 4K,Peripherals,North America,47,371.79,17474.13,9120.06,8354.07,CUST-2275,Bank Transfer
2023-03-19 12:50:30.060120240,Fast Charger 65W,Peripherals,Middle East,7,166.51,1165.57,579.52,586.05,CUST-6129,Stripe
2023-03-20 23:57:06.853707415,"Monitor 27""",Peripherals,Latin America,44,446.7,19654.8,8374.47,11280.33,CUST-8033,Stripe
2023-03-22 11:03:43.647294589,Wireless Mouse,Peripherals,North America,8,484.84,3878.72,2288.34,1590.38,CUST-7626,PayPal
2023-03-23 22:10:20.440881763,Laptop Pro,Accessories,Europe,47,166.28,7815.16,4851.43,2963.73,CUST-7843,PayPal
2023-03-25 09:16:57.234468938,"Monitor 27""",Accessories,North America,35,254.86,8920.1,5837.66,3082.44,CUST-5743,Bank Transfer
2023-03-26 20:23:34.028056112,Keyboard Mechanical,Peripherals,Latin America,14,354.3,4960.2,2166.78,2793.42,CUST-2887,Bank Transfer
2023-03-28 07:30:10.821643286,Wireless Mouse,Peripherals,North America,17,330.32,5615.44,3722.66,1892.78,CUST-7636,PayPal
2023-03-29 18:36:47.615230461,"Monitor 27""",Peripherals,Europe,36,262.41,9446.76,5600.77,3845.99,CUST-1341,PayPal
2023-03-31 05:43:24.408817635,Wireless Mouse,Accessories,Latin America,40,204.0,8160.0,4987.26,3172.74,CUST-6321,Stripe
2023-04-01 16:50:01.202404809,Headset Pro,Peripherals,Asia Pacific,4,78.49,313.96,211.35,102.61,CUST-3815,Stripe
2023-04-03 03:56:37.995991984,Keyboard Mechanical,Accessories,Middle East,2,48.96,97.92,57.52,40.4,CUST-8538,Stripe
2023-04-04 15:03:14.789579158,Tablet Air,Electronics,Asia Pacific,6,623.67,3742.02,1873.85,1868.17,CUST-6928,Bank Transfer
2023-04-06 02:09:51.583166332,Webcam 4K,Peripherals,Latin America,42,552.94,23223.48,15037.95,8185.53,CUST-2443,Stripe
2023-04-07 13:16:28.376753507,USB Hub,Accessories,Latin America,4,240.36,961.44,489.29,472.15,CUST-8155,Credit Card
2023-04-09 00:23:05.170340681,Webcam 4K,Accessories,Latin America,29,622.57,18054.53,7407.2,10647.33,CUST-2734,Credit Card
2023-04-10 11:29:41.963927855,Webcam 4K,Accessories,Europe,18,444.75,8005.5,5197.14,2808.36,CUST-4986,Stripe
2023-04-11 22:36:18.757515030,"Monitor 27""",Electronics,Latin America,26,321.4,8356.4,4207.93,4148.47,CUST-8138,Stripe
2023-04-13 09:42:55.551102204,Keyboard Mechanical,Peripherals,,44,328.07,14435.08,9125.14,5309.94,CUST-7560,PayPal
2023-04-14 20:49:32.344689378,Wireless Mouse,Accessories,Europe,34,67.89,2308.26,1174.51,1133.75,CUST-9584,PayPal
2023-04-16 07:56:09.138276552,Fast Charger 65W,Peripherals,Latin America,10,73.23,732.3,482.09,250.21,CUST-2288,Bank Transfer
2023-04-17 19:02:45.931863728,USB Hub,Accessories,Europe,36,397.55,14311.8,6667.2,7644.6,CUST-7484,Credit Card
2023-04-19 06:09:22.725450902,Phone Case,Peripherals,Middle East,14,366.6,5132.4,3553.49,1578.91,CUST-6083,Credit Card
2023-04-20 17:15:59.519038076,"Monitor 27""",Electronics,Middle East,31,150.08,4652.48,2949.34,1703.14,CUST-6562,Bank Transfer
2023-04-22 04:22:36.312625250,USB Hub,Accessories,Europe,48,615.83,29559.84,12836.99,16722.85,CUST-4630,Stripe
2023-04-23 15:29:13.106212424,Tablet Air,Accessories,,15,511.12,7666.8,4368.03,3298.77,CUST-6456,Stripe
2023-04-25 02:35:49.899799598,Headset Pro,Electronics,Asia Pacific,8,87.05,696.4,484.42,211.98,CUST-3754,Bank Transfer
2023-04-26 13:42:26.693386774,Keyboard Mechanical,Peripherals,Latin America,14,606.14,8485.96,4593.62,3892.34,CUST-2251,Credit Card
2023-04-28 00:49:03.486973948,Phone Case,Accessories,Asia Pacific,23,633.65,14573.95,6625.79,7948.16,CUST-9363,Credit Card
2023-04-29 11:55:40.280561122,"Monitor 27""",Electronics,Middle East,40,647.42,25896.8,14124.98,11771.82,CUST-2868,Stripe
2023-04-30 23:02:17.074148296,Webcam 4K,Accessories,Asia Pacific,21,50.48,1060.08,587.01,473.07,CUST-9693,PayPal
2023-05-02 10:08:53.867735470,Laptop Pro,Accessories,North America,16,483.02,7728.32,4810.93,2917.39,CUST-9355,Bank Transfer
2023-05-03 21:15:30.661322644,"Monitor 27""",Accessories,Asia Pacific,45,361.66,16274.7,9921.93,6352.77,CUST-4176,Bank Transfer
2023-05-05 08:22:07.454909820,Laptop Pro,Peripherals,Asia Pacific,18,463.2,8337.6,4341.93,3995.67,CUST-6724,Stripe
2023-05-06 19:28:44.248496994,Webcam 4K,Electronics,Middle East,47,630.09,29614.23,13782.67,15831.56,CUST-6752,Bank Transfer
2023-05-08 06:35:21.042084168,Headset Pro,Electronics,Middle East,24,451.9,10845.6,6437.04,4408.56,CUST-3419,Credit Card
2023-05-09 17:41:57.835671342,Keyboard Mechanical,Electronics,Latin America,26,546.47,14208.22,7480.79,6727.43,CUST-4871,Stripe
2023-05-11 04:48:34.629258516,Wireless Mouse,Electronics,Europe,25,565.46,14136.5,6215.58,7920.92,CUST-2684,Credit Card
2023-05-12 15:55:11.422845690,"Monitor 27""",Accessories,Latin America,45,547.44,24634.8,16509.55,8125.25,CUST-3399,PayPal
2023-05-14 03:01:48.216432866,Fast Charger 65W,Peripherals,Middle East,41,285.57,11708.37,7111.27,4597.1,CUST-5193,Bank Transfer
2023-05-15 14:08:25.010020040,Webcam 4K,Electronics,Latin America,29,156.34,4533.86,2742.78,1791.08,CUST-4232,Bank Transfer
2023-05-17 01:15:01.803607214,"Monitor 27""",Peripherals,Asia Pacific,15,266.87,4003.05,2589.07,1413.98,CUST-3842,Credit Card
2023-05-18 12:21:38.597194388,Tablet Air,Electronics,Asia Pacific,45,581.35,26160.75,14621.2,11539.55,CUST-3504,Stripe
2023-05-19 23:28:15.390781562,Headset Pro,Electronics,Middle East,1,108.09,108.09,69.67,38.42,CUST-2234,Stripe
2023-05-21 10:34:52.184368736,Tablet Air,Accessories,Middle East,25,340.96,8524.0,4683.32,3840.68,CUST-3902,Bank Transfer
2023-05-22 21:41:28.977955912,USB Hub,Accessories,Latin America,7,163.1,1141.7,479.69,662.01,CUST-9095,Credit Card
2023-05-24 08:48:05.771543086,Keyboard Mechanical,Accessories,Latin America,9,384.13,3457.17,1803.17,1654.0,CUST-8601,PayPal
2023-05-25 19:54:42.565130260,USB Hub,Peripherals,Asia Pacific,24,563.09,13514.16,7422.51,6091.65,CUST-8354,Credit Card
2023-05-27 07:01:19.358717434,"Monitor 27""",Accessories,Europe,1,574.03,574.03,353.64,220.39,CUST-6295,Stripe
2023-05-28 18:07:56.152304608,Phone Case,Accessories,Europe,44,165.3,7273.2,3141.83,4131.37,CUST-6179,Bank Transfer
2023-05-30 05:14:32.945891784,Phone Case,Electronics,Middle East,8,591.39,4731.12,2091.18,2639.94,CUST-3473,Bank Transfer
2023-05-31 16:21:09.739478958,Keyboard Mechanical,Electronics,Latin America,24,390.85,9380.4,4494.2,4886.2,CUST-8205,Bank Transfer
2023-06-02 03:27:46.533066132,Fast Charger 65W,Accessories,Europe,11,237.39,2611.29,1253.29,1358.0,CUST-2118,PayPal
2023-06-03 14:34:23.326653306,Headset Pro,Accessories,Latin America,17,464.7,7899.9,4895.22,3004.68,CUST-8682,PayPal
2023-06-05 01:41:00.120240480,Fast Charger 65W,Peripherals,North America,8,320.86,2566.88,1219.83,1347.05,CUST-8245,Stripe
2023-06-06 12:47:36.913827654,Headset Pro,Peripherals,Asia Pacific,35,255.02,8925.7,5265.53,3660.17,CUST-5961,Credit Card
2023-06-07 23:54:13.707414830,Webcam 4K,Electronics,Latin America,35,462.73,16195.55,8879.73,7315.82,CUST-5500,Credit Card
2023-06-09 11:00:50.501002004,"Monitor 27""",Peripherals,Latin America,33,172.94,5707.02,3264.35,2442.67,CUST-1920,Credit Card
2023-06-10 22:07:27.294589178,USB Hub,Accessories,Latin America,5,224.71,1123.55,731.92,391.63,CUST-6766,PayPal
2023-06-12 09:14:04.088176352,Phone Case,Accessories,,42,290.88,12216.96,6368.88,5848.08,CUST-9312,Bank Transfer
2023-06-13 20:20:40.881763526,Tablet Air,Electronics,Latin America,39,176.09,6867.51,4335.28,2532.23,CUST-2215,Stripe
2023-06-15 07:27:17.675350700,Wireless Mouse,Accessories,North America,41,272.3,11164.3,5879.24,5285.06,CUST-6085,Stripe
2023-06-16 18:33:54.468937876,Laptop Pro,Accessories,Europe,28,377.89,10580.92,5355.65,5225.27,CUST-8565,PayPal
2023-06-18 05:40:31.262525050,Wireless Mouse,Accessories,Middle East,7,485.52,3398.64,2336.86,1061.78,CUST-8404,PayPal
2023-06-19 16:47:08.056112224,USB Hub,Accessories,Middle East,9,502.17,4519.53,2057.79,2461.74,CUST-1616,Bank Transfer
2023-06-21 03:53:44.849699398,USB Hub,Peripherals,Asia Pacific,8,537.47,4299.76,1836.43,2463.33,CUST-1932,Bank Transfer
2023-06-22 15:00:21.643286572,Headset Pro,Peripherals,,12,487.57,5850.84,3693.61,2157.23,CUST-7041,PayPal
2023-06-24 02:06:58.436873746,Fast Charger 65W,Peripherals,Latin America,34,447.46,15213.64,6396.95,8816.69,CUST-5703,Stripe
2023-06-25 13:13:35.230460922,Wireless Mouse,Peripherals,North America,33,165.82,5472.06,3562.99,1909.07,CUST-2257,Bank Transfer
2023-06-27 00:20:12.024048096,Headset Pro,Peripherals,Middle East,48,269.14,12918.72,6861.88,6056.84,CUST-2479,Bank Transfer
2023-06-28 11:26:48.817635270,Headset Pro,Electronics,Latin America,23,318.35,7322.05,4939.85,2382.2,CUST-9307,Stripe
2023-06-29 22:33:25.611222444,Fast Charger 65W,Accessories,North America,24,67.64,1623.36,1000.74,622.62,CUST-7299,Bank Transfer
2023-07-01 09:40:02.404809618,Tablet Air,Electronics,Europe,37,350.52,12969.24,7562.64,5406.6,CUST-8581,Stripe
2023-07-02 20:46:39.198396792,Phone Case,Accessories,Latin America,35,292.07,10222.45,7000.25,3222.2,CUST-1672,Credit Card
2023-07-04 07:53:15.991983968,Keyboard Mechanical,Accessories,Europe,44,524.34,23070.96,11973.71,11097.25,CUST-8368,Bank Transfer
2023-07-05 18:59:52.785571142,Phone Case,Accessories,North America,40,635.97,25438.8,17456.77,7982.03,CUST-4084,Bank Transfer
2023-07-07 06:06:29.579158316,Laptop Pro,Electronics,Latin America,22,368.06,8097.32,3566.87,4530.45,CUST-6267,Credit Card
2023-07-08 17:13:06.372745490,Wireless Mouse,Accessories,Asia Pacific,27,219.91,5937.57,3236.73,2700.84,CUST-8792,Stripe
2023-07-10 04:19:43.166332664,Phone Case,Accessories,Asia Pacific,35,42.56,1489.6,716.46,773.14,CUST-9214,Bank Transfer
2023-07-11 15:26:19.959919840,Keyboard Mechanical,Peripherals,Middle East,1,602.15,602.15,338.38,263.77,CUST-3471,Credit Card
2023-07-13 02:32:56.753507014,Webcam 4K,Peripherals,Latin America,35,598.64,20952.4,9399.33,11553.07,CUST-2013,Stripe
2023-07-14 13:39:33.547094188,Wireless Mouse,Accessories,North America,37,175.65,6499.05,4240.36,2258.69,CUST-8381,Bank Transfer
2023-07-16 00:46:10.340681362,Keyboard Mechanical,Peripherals,Asia Pacific,47,456.59,21459.73,14033.0,7426.73,CUST-2695,PayPal
2023-07-17 11:52:47.134268536,Headset Pro,Electronics,Middle East,14,62.9,880.6,604.59,276.01,CUST-6626,Credit Card
2023-07-18 22:59:23.927855710,USB Hub,Accessories,Latin America,3,120.55,361.65,161.44,200.21,CUST-2381,Stripe
2023-07-20 10:06:00.721442886,Tablet Air,Electronics,Asia Pacific,1,152.67,152.67,89.62,63.05,CUST-9266,PayPal
2023-07-21 21:12:37.515030060,Laptop Pro,Peripherals,Latin America,5,202.0,1010.0,547.69,462.31,CUST-3827,Stripe
2023-07-23 08:19:14.308617234,Keyboard Mechanical,Peripherals,Middle East,26,647.35,16831.1,8471.35,8359.75,CUST-1641,PayPal
2023-07-24 19:25:51.102204408,Phone Case,Electronics,North America,14,457.55,6405.7,3237.84,3167.86,CUST-5059,PayPal
2023-07-26 06:32:27.895791582,USB Hub,Accessories,Middle East,39,258.97,10099.83,5290.68,4809.15,CUST-8172,Credit Card
2023-07-27 17:39:04.689378756,Phone Case,Peripherals,North America,27,483.06,13042.62,7975.27,5067.35,CUST-8199,Credit Card
2023-07-29 04:45:41.482965932,Wireless Mouse,Peripherals,Europe,9,596.19,5365.71,3109.35,2256.36,CUST-9586,PayPal
2023-07-30 15:52:18.276553104,Keyboard Mechanical,Peripherals,Asia Pacific,15,623.78,9356.7,5033.01,4323.69,CUST-9564,Credit Card
2023-08-01 02:58:55.070140280,Phone Case,Electronics,Europe,15,51.74,776.1,328.12,447.98,CUST-3600,Stripe
2023-08-02 14:05:31.863727456,Fast Charger 65W,Electronics,North America,26,265.52,6903.52,2922.46,3981.06,CUST-6962,Bank Transfer
2023-08-04 01:12:08.657314628,"Monitor 27""",Peripherals,Latin America,42,82.79,3477.18,1393.31,2083.87,CUST-7108,Stripe
2023-08-05 12:18:45.450901804,USB Hub,Accessories,North America,13,228.14,2965.82,2047.33,918.49,CUST-5634,PayPal
2023-08-06 23:25:22.244488976,Webcam 4K,Electronics,North America,32,122.75,3928.0,1577.39,2350.61,CUST-7347,Stripe
2023-08-08 10:31:59.038076152,USB Hub,Accessories,Latin America,39,425.75,16604.25,7155.24,9449.01,CUST-7697,PayPal
2023-08-09 21:38:35.831663324,Phone Case,Electronics,Europe,49,261.55,12815.95,6335.94,6480.01,CUST-6543,Stripe
2023-08-11 08:45:12.625250500,Phone Case,Electronics,Asia Pacific,32,160.67,5141.44,3301.98,1839.46,CUST-1857,Stripe
2023-08-12 19:51:49.418837676,Laptop Pro,Accessories,North America,4,183.87,735.48,506.47,229.01,CUST-6482,Credit Card
2023-08-14 06:58:26.212424848,Fast Charger 65W,Accessories,North America,30,243.82,7314.6,4659.43,2655.17,CUST-2079,PayPal
2023-08-15 18:05:03.006012024,Webcam 4K,Accessories,Asia Pacific,37,180.07,6662.59,4045.31,2617.28,CUST-6401,PayPal
2023-08-17 05:11:39.799599196,Tablet Air,Electronics,North America,23,302.81,6964.63,3875.05,3089.58,CUST-2548,Bank Transfer
2023-08-18 16:18:16.593186372,Laptop Pro,Accessories,Asia Pacific,39,35.52,1385.28,590.15,795.13,CUST-7333,Stripe
2023-08-20 03:24:53.386773548,Wireless Mouse,Accessories,Asia Pacific,45,192.65,8669.25,5959.69,2709.56,CUST-5655,Stripe
2023-08-21 14:31:30.180360720,Webcam 4K,Accessories,Asia Pacific,15,276.12,4141.8,2599.05,1542.75,CUST-5128,Bank Transfer
2023-08-23 01:38:06.973947896,Keyboard Mechanical,Accessories,Latin America,43,397.77,17104.11,10120.24,6983.87,CUST-3463,PayPal
2023-08-24 12:44:43.767535068,"Monitor 27""",Accessories,Europe,29,187.06,5424.74,3405.17,2019.57,CUST-6461,Stripe
2023-08-25 23:51:20.561122244,Laptop Pro,Accessories,Europe,36,99.57,3584.52,2212.48,1372.04,CUST-2335,Bank Transfer
2023-08-27 10:57:57.354709420,"Monitor 27""",Accessories,Middle East,13,63.39,824.07,487.17,336.9,CUST-3317,Bank Transfer
2023-08-28 22:04:34.148296592,Fast Charger 65W,Electronics,Latin America,32,612.24,19591.68,13600.02,5991.66,CUST-6731,Bank Transfer
2023-08-30 09:11:10.941883768,Wireless Mouse,Accessories,Middle East,7,279.57,1956.99,1313.16,643.83,CUST-6082,Stripe
2023-08-31 20:17:47.735470940,Wireless Mouse,Electronics,Europe,22,384.04,8448.88,5018.63,3430.25,CUST-7421,PayPal
2023-09-02 07:24:24.529058116,Tablet Air,Peripherals,Europe,28,598.68,16763.04,10191.13,6571.91,CUST-3112,PayPal
2023-09-03 18:31:01.322645288,Wireless Mouse,Peripherals,Europe,2,67.55,135.1,56.13,78.97,CUST-2388,Bank Transfer
2023-09-05 05:37:38.116232464,Phone Case,Electronics,North America,42,571.68,24010.56,14429.75,9580.81,CUST-6072,Bank Transfer
2023-09-06 16:44:14.909819640,USB Hub,Accessories,Middle East,45,365.26,16436.7,6792.46,9644.24,CUST-7171,PayPal
2023-09-08 03:50:51.703406812,USB Hub,Electronics,Latin America,6,119.67,718.02,413.92,304.1,CUST-6381,Bank Transfer
2023-09-09 14:57:28.496993988,Tablet Air,Peripherals,Middle East,28,276.15,7732.2,5411.04,2321.16,CUST-3093,Bank Transfer
2023-09-11 02:04:05.290581160,Phone Case,Electronics,Europe,28,508.78,14245.84,8073.72,6172.12,CUST-9624,PayPal
2023-09-12 13:10:42.084168336,USB Hub,Peripherals,Latin America,44,320.04,14081.76,7631.79,6449.97,CUST-2531,Stripe
2023-09-14 00:17:18.877755512,Keyboard Mechanical,Electronics,Middle East,44,640.66,28189.04,13921.34,14267.7,CUST-7937,Bank Transfer
2023-09-15 11:23:55.671342684,Phone Case,Electronics,Europe,20,254.23,5084.6,2217.68,2866.92,CUST-9331,Stripe
2023-09-16 22:30:32.464929860,Fast Charger 65W,Electronics,Europe,30,490.98,14729.4,9122.02,5607.38,CUST-6928,Bank Transfer
2023-09-18 09:37:09.258517032,Headset Pro,Electronics,Latin America,11,264.55,2910.05,1332.16,1577.89,CUST-1298,Bank Transfer
2023-09-19 20:43:46.052104208,"Monitor 27""",Electronics,Asia Pacific,28,541.52,15162.56,6589.42,8573.14,CUST-6940,Bank Transfer
2023-09-21 07:50:22.845691380,Phone Case,Peripherals,Latin America,25,376.37,9409.25,4954.24,4455.01,CUST-6060,Credit Card
2023-09-22 18:56:59.639278556,"Monitor 27""",Electronics,Asia Pacific,39,55.33,2157.87,1378.02,779.85,CUST-3953,Stripe
2023-09-24 06:03:36.432865732,Keyboard Mechanical,Electronics,North America,33,38.38,1266.54,789.71,476.83,CUST-4509,Stripe
2023-09-25 17:10:13.226452904,Headset Pro,Electronics,Latin America,1,100.0,100.0,41.65,58.35,CUST-6598,Bank Transfer
2023-09-27 04:16:50.020040080,Webcam 4K,Accessories,Asia Pacific,27,23.68,639.36,343.04,296.32,CUST-8967,PayPal
2023-09-28 15:23:26.813627252,Tablet Air,Peripherals,Middle East,13,62.85,817.05,454.88,362.17,CUST-4145,Bank Transfer
2023-09-30 02:30:03.607214428,Phone Case,Electronics,Europe,41,454.24,18623.84,11050.72,7573.12,CUST-4711,Credit Card
2023-10-01 13:36:40.400801604,Tablet Air,Peripherals,North America,3,354.31,1062.93,632.5,430.43,CUST-3253,Bank Transfer
2023-10-03 00:43:17.194388776,Wireless Mouse,Electronics,Latin America,39,491.19,19156.41,9758.45,9397.96,CUST-3538,Credit Card
2023-10-04 11:49:53.987975952,"Monitor 27""",Accessories,Asia Pacific,6,594.86,3569.16,2028.01,1541.15,CUST-2264,Bank Transfer
2023-10-05 22:56:30.781563124,"Monitor 27""",Peripherals,Middle East,8,386.57,3092.56,1683.34,1409.22,CUST-5846,Stripe
2023-10-07 10:03:07.575150300,Wireless Mouse,Accessories,,27,476.09,12854.43,8554.62,4299.81,CUST-2657,Bank Transfer
2023-10-08 21:09:44.368737472,Webcam 4K,Accessories,Latin America,9,495.75,4461.75,2494.47,1967.28,CUST-9317,Stripe
2023-10-10 08:16:21.162324648,Laptop Pro,Electronics,Asia Pacific,37,254.94,9432.78,5021.16,4411.62,CUST-9843,PayPal
2023-10-11 19:22:57.955911824,Fast Charger 65W,Peripherals,Latin America,33,168.09,5546.97,2891.89,2655.08,CUST-9626,PayPal
2023-10-13 06:29:34.749498996,Phone Case,Peripherals,Asia Pacific,42,145.2,6098.4,3486.63,2611.77,CUST-1618,Bank Transfer
2023-10-14 17:36:11.543086172,"Monitor 27""",Peripherals,Europe,44,174.67,7685.48,4927.88,2757.6,CUST-6517,Bank Transfer
2023-10-16 04:42:48.336673344,Fast Charger 65W,Peripherals,Latin America,24,189.45,4546.8,2553.12,1993.68,CUST-3147,PayPal
2023-10-17 15:49:25.130260520,"Monitor 27""",Electronics,Latin America,15,146.59,2198.85,1316.0,882.85,CUST-7172,Credit Card
2023-10-19 02:56:01.923847696,Laptop Pro,Electronics,North America,32,572.67,18325.44,11386.64,6938.8,CUST-3527,PayPal
2023-10-20 14:02:38.717434868,Wireless Mouse,Accessories,Europe,32,495.69,15862.08,8820.12,7041.96,CUST-3658,PayPal
2023-10-22 01:09:15.511022044,Laptop Pro,Electronics,Latin America,24,44.78,1074.72,567.5,507.22,CUST-3962,Credit Card
2023-10-23 12:15:52.304609216,"Monitor 27""",Peripherals,Middle East,41,185.61,7610.01,5045.43,2564.58,CUST-3712,PayPal
2023-10-24 23:22:29.098196392,Wireless Mouse,Electronics,Asia Pacific,49,29.09,1425.41,748.7,676.71,CUST-8170,PayPal
2023-10-26 10:29:05.891783568,Laptop Pro,Accessories,Middle East,49,331.33,16235.17,8743.98,7491.19,CUST-1715,Credit Card
2023-10-27 21:35:42.685370740,Webcam 4K,Peripherals,Asia Pacific,12,317.39,3808.68,2655.04,1153.64,CUST-7731,Credit Card
2023-10-29 08:42:19.478957916,Wireless Mouse,Peripherals,Asia Pacific,39,542.92,21173.88,8471.06,12702.82,CUST-6968,Stripe
2023-10-30 19:48:56.272545088,Phone Case,Accessories,North America,2,210.44,420.88,191.77,229.11,CUST-4891,Bank Transfer
2023-11-01 06:55:33.066132264,"Monitor 27""",Accessories,Latin America,3,533.4,1600.2,824.41,775.79,CUST-8277,Stripe
2023-11-02 18:02:09.859719436,Keyboard Mechanical,Peripherals,Asia Pacific,49,629.66,30853.34,20973.39,9879.95,CUST-5668,Credit Card
2023-11-04 05:08:46.653306612,Tablet Air,Electronics,North America,37,71.14,2632.18,1108.17,1524.01,CUST-8355,PayPal
2023-11-05 16:15:23.446893788,"Monitor 27""",Electronics,Middle East,49,517.8,25372.2,10221.08,15151.12,CUST-4833,Credit Card
2023-11-07 03:22:00.240480960,Phone Case,Peripherals,North America,17,389.62,6623.54,2754.1,3869.44,CUST-9749,PayPal
2023-11-08 14:28:37.034068136,USB Hub,Peripherals,Middle East,49,319.83,15671.67,6684.95,8986.72,CUST-4918,Stripe
2023-11-10 01:35:13.827655308,Fast Charger 65W,Peripherals,Latin America,2,282.04,564.08,231.99,332.09,CUST-6070,Stripe
2023-11-11 12:41:50.621242484,Fast Charger 65W,Electronics,Asia Pacific,2,513.26,1026.52,558.36,468.16,CUST-8684,Stripe
2023-11-12 23:48:27.414829660,Tablet Air,Electronics,Europe,28,420.99,11787.72,6768.83,5018.89,CUST-4178,PayPal
2023-11-14 10:55:04.208416832,"Monitor 27""",Peripherals,Middle East,23,526.2,12102.6,5827.48,6275.12,CUST-7026,Bank Transfer
2023-11-15 22:01:41.002004008,Tablet Air,Accessories,Asia Pacific,37,588.5,21774.5,11311.55,10462.95,CUST-8218,Bank Transfer
2023-11-17 09:08:17.795591180,Headset Pro,Peripherals,Europe,32,406.96,13022.72,5567.34,7455.38,CUST-8564,Bank Transfer
2023-11-18 20:14:54.589178356,"Monitor 27""",Peripherals,Europe,33,637.59,21040.47,10539.41,10501.06,CUST-5616,Credit Card
2023-11-20 07:21:31.382765528,Wireless Mouse,Electronics,Middle East,1,401.14,401.14,223.34,177.8,CUST-7256,Credit Card
2023-11-21 18:28:08.176352704,Wireless Mouse,Peripherals,Asia Pacific,19,419.27,7966.13,4936.46,3029.67,CUST-9239,PayPal
2023-11-23 05:34:44.969939880,Headset Pro,Electronics,Europe,2,367.31,734.62,294.59,440.03,CUST-9641,Credit Card
2023-11-24 16:41:21.763527052,Webcam 4K,Accessories,North America,44,72.79,3202.76,1730.11,1472.65,CUST-7859,PayPal
2023-11-26 03:47:58.557114228,Headset Pro,Peripherals,North America,26,476.26,12382.76,6056.42,6326.34,CUST-3655,Stripe
2023-11-27 14:54:35.350701400,Headset Pro,Accessories,Asia Pacific,32,362.63,11604.16,7610.55,3993.61,CUST-4271,PayPal
2023-11-29 02:01:12.144288576,Tablet Air,Peripherals,Latin America,6,301.33,1807.98,1111.3,696.68,CUST-3267,Credit Card
2023-11-30 13:07:48.937875752,Laptop Pro,Accessories,North America,32,593.15,18980.8,10946.85,8033.95,CUST-5096,Stripe
2023-12-02 00:14:25.731462924,Wireless Mouse,Electronics,Middle East,4,204.2,816.8,394.66,422.14,CUST-1854,Stripe
2023-12-03 11:21:02.525050100,Laptop Pro,Peripherals,Asia Pacific,11,347.49,3822.39,2572.86,1249.53,CUST-8873,PayPal
2023-12-04 22:27:39.318637272,Headset Pro,Peripherals,Europe,17,458.0,7786.0,3219.75,4566.25,CUST-7081,Bank Transfer
2023-12-06 09:34:16.112224448,Webcam 4K,Accessories,North America,38,520.76,19788.88,8565.42,11223.46,CUST-2680,Credit Card
2023-12-07 20:40:52.905811624,Wireless Mouse,Electronics,,24,306.69,7360.56,3809.01,3551.55,CUST-9452,Credit Card
2023-12-09 07:47:29.699398796,"Monitor 27""",Accessories,Asia Pacific,5,549.73,2748.65,1202.07,1546.58,CUST-3042,Bank Transfer
2023-12-10 18:54:06.492985972,"Monitor 27""",Accessories,Latin America,34,503.26,17110.84,11753.86,5356.98,CUST-5670,Credit Card
2023-12-12 06:00:43.286573144,"Monitor 27""",Electronics,Europe,6,57.06,342.36,218.9,123.46,CUST-2374,Bank Transfer
2023-12-13 17:07:20.080160320,Phone Case,Accessories,Europe,22,44.12,970.64,463.67,506.97,CUST-3626,Bank Transfer
2023-12-15 04:13:56.873747492,Tablet Air,Accessories,Europe,11,409.21,4501.31,2595.3,1906.01,CUST-5469,Stripe
2023-12-16 15:20:33.667334668,USB Hub,Peripherals,Middle East,48,235.61,11309.28,7856.55,3452.73,CUST-8361,Stripe
2023-12-18 02:27:10.460921844,Headset Pro,Accessories,Asia Pacific,16,147.8,2364.8,1573.21,791.59,CUST-9410,PayPal
2023-12-19 13:33:47.254509016,USB Hub,Peripherals,Middle East,33,383.08,12641.64,7335.18,5306.46,CUST-3414,Stripe
2023-12-21 00:40:24.048096192,Keyboard Mechanical,Electronics,Middle East,9,231.89,2087.01,1400.63,686.38,CUST-8167,Bank Transfer
2023-12-22 11:47:00.841683364,Tablet Air,Accessories,Asia Pacific,6,356.16,2136.96,1488.94,648.02,CUST-2502,PayPal
2023-12-23 22:53:37.635270540,"Monitor 27""",Electronics,Europe,16,307.18,4914.88,3062.0,1852.88,CUST-4637,Credit Card
2023-12-25 10:00:14.428857716,Wireless Mouse,Peripherals,Asia Pacific,29,386.33,11203.57,4699.85,6503.72,CUST-8391,Bank Transfer
2023-12-26 21:06:51.222444888,Tablet Air,Peripherals,Latin America,3,269.19,807.57,420.32,387.25,CUST-6727,PayPal
2023-12-28 08:13:28.016032064,Phone Case,Peripherals,Asia Pacific,20,458.02,9160.4,5966.61,3193.79,CUST-1436,Stripe
2023-12-29 19:20:04.809619236,Wireless Mouse,Accessories,Asia Pacific,36,129.34,4656.24,2184.57,2471.67,CUST-7797,Bank Transfer
2023-12-31 06:26:41.603206412,Laptop Pro,Peripherals,North America,19,457.28,8688.32,5640.39,3047.93,CUST-1872,PayPal
2024-01-01 17:33:18.396793584,Phone Case,Peripherals,Latin America,26,276.4,7186.4,3134.0,4052.4,CUST-7495,Credit Card
2024-01-03 04:39:55.190380760,Laptop Pro,Accessories,North America,3,570.19,1710.57,708.32,1002.25,CUST-9224,Bank Transfer
2024-01-04 15:46:31.983967936,Wireless Mouse,Accessories,Europe,19,342.17,6501.23,3349.61,3151.62,CUST-7126,Bank Transfer
2024-01-06 02:53:08.777555108,"Monitor 27""",Accessories,Europe,20,632.93,12658.6,5202.93,7455.67,CUST-4862,PayPal
2024-01-07 13:59:45.571142284,USB Hub,Peripherals,Latin America,32,397.23,12711.36,8735.01,3976.35,CUST-7326,PayPal
2024-01-09 01:06:22.364729456,Headset Pro,Peripherals,Middle East,7,157.14,1099.98,712.63,387.35,CUST-2337,Stripe
2024-01-10 12:12:59.158316632,Tablet Air,Accessories,Asia Pacific,41,536.84,22010.44,14091.76,7918.68,CUST-7142,Stripe
2024-01-11 23:19:35.951903808,Tablet Air,Accessories,North America,33,234.13,7726.29,4550.27,3176.02,CUST-4678,Bank Transfer
2024-01-13 10:26:12.745490980,"Monitor 27""",Electronics,,40,235.74,9429.6,4383.79,5045.81,CUST-1461,Credit Card
2024-01-14 21:32:49.539078156,Headset Pro,Electronics,North America,39,35.2,1372.8,762.56,610.24,CUST-6221,Stripe
2024-01-16 08:39:26.332665328,Laptop Pro,Accessories,Asia Pacific,18,363.43,6541.74,3788.86,2752.88,CUST-2623,Credit Card
2024-01-17 19:46:03.126252504,USB Hub,Accessories,Middle East,40,354.36,14174.4,7902.36,6272.04,CUST-6493,PayPal
2024-01-19 06:52:39.919839680,Headset Pro,Electronics,North America,1,241.05,241.05,115.24,125.81,CUST-3392,PayPal
2024-01-20 17:59:16.713426852,Laptop Pro,Accessories,Latin America,11,582.83,6411.13,3555.45,2855.68,CUST-3254,Stripe
2024-01-22 05:05:53.507014028,Headset Pro,Peripherals,Asia Pacific,28,96.76,2709.28,1482.94,1226.34,CUST-1627,Bank Transfer
2024-01-23 16:12:30.300601200,Keyboard Mechanical,Peripherals,Asia Pacific,25,224.61,5615.25,3924.5,1690.75,CUST-5700,PayPal
2024-01-25 03:19:07.094188376,Tablet Air,Peripherals,Middle East,23,219.21,5041.83,3374.15,1667.68,CUST-8740,Credit Card
2024-01-26 14:25:43.887775548,Keyboard Mechanical,Accessories,Latin America,31,73.6,2281.6,1229.81,1051.79,CUST-3273,Bank Transfer
2024-01-28 01:32:20.681362724,Headset Pro,Accessories,Asia Pacific,30,320.53,9615.9,5643.39,3972.51,CUST-8685,Stripe
2024-01-29 12:38:57.474949900,Phone Case,Electronics,North America,42,451.74,18973.08,11846.06,7127.02,CUST-8349,PayPal
2024-01-30 23:45:34.268537072,Tablet Air,Accessories,Europe,35,339.9,11896.5,4883.03,7013.47,CUST-1086,Stripe
2024-02-01 10:52:11.062124248,USB Hub,Accessories,Latin America,7,114.68,802.76,536.63,266.13,CUST-2298,Bank Transfer
2024-02-02 21:58:47.855711420,"Monitor 27""",Electronics,North America,16,254.58,4073.28,2680.37,1392.91,CUST-1311,Bank Transfer
2024-02-04 09:05:24.649298596,Keyboard Mechanical,Accessories,Middle East,26,16.65,432.9,232.57,200.33,CUST-5193,Bank Transfer
2024-02-05 20:12:01.442885772,"Monitor 27""",Electronics,Middle East,48,566.37,27185.76,14064.58,13121.18,CUST-4533,Credit Card
2024-02-07 07:18:38.236472944,Laptop Pro,Accessories,Asia Pacific,49,68.67,3364.83,1621.47,1743.36,CUST-3449,Bank Transfer
2024-02-08 18:25:15.030060120,Fast Charger 65W,Accessories,Middle East,2,394.27,788.54,428.18,360.36,CUST-9991,Bank Transfer
2024-02-10 05:31:51.823647292,Phone Case,Accessories,Europe,1,641.27,641.27,265.05,376.22,CUST-9647,PayPal
2024-02-11 16:38:28.617234468,Laptop Pro,Accessories,North America,48,355.74,17075.52,11195.7,5879.82,CUST-7934,Credit Card
2024-02-13 03:45:05.410821640,Webcam 4K,Peripherals,Latin America,12,601.77,7221.24,2965.23,4256.01,CUST-2821,Credit Card
2024-02-14 14:51:42.204408816,Laptop Pro,Peripherals,Asia Pacific,5,164.93,824.65,411.27,413.38,CUST-5720,Stripe
2024-02-16 01:58:18.997995992,Laptop Pro,Accessories,Latin America,37,497.57,18410.09,12509.23,5900.86,CUST-4893,Bank Transfer
2024-02-17 13:04:55.791583164,Fast Charger 65W,Peripherals,North America,32,352.35,11275.2,6996.98,4278.22,CUST-5934,PayPal
2024-02-19 00:11:32.585170340,Tablet Air,Electronics,Europe,9,472.53,4252.77,2060.12,2192.65,CUST-2996,Stripe
2024-02-20 11:18:09.378757512,Phone Case,Peripherals,North America,41,54.59,2238.19,1064.92,1173.27,CUST-1782,Bank Transfer
2024-02-21 22:24:46.172344688,Phone Case,Electronics,North America,35,108.81,3808.35,1529.15,2279.2,CUST-4906,Credit Card
2024-02-23 09:31:22.965931864,USB Hub,Electronics,Asia Pacific,19,99.53,1891.07,1151.12,739.95,CUST-7878,Bank Transfer
2024-02-24 20:37:59.759519040,Laptop Pro,Electronics,Latin America,48,451.35,21664.8,8982.99,12681.81,CUST-8489,Bank Transfer
2024-02-26 07:44:36.553106208,Phone Case,Peripherals,North America,16,551.22,8819.52,4937.0,3882.52,CUST-2029,PayPal
2024-02-27 18:51:13.346693384,Wireless Mouse,Accessories,North America,3,491.01,1473.03,1014.38,458.65,CUST-2816,PayPal
2024-02-29 05:57:50.140280560,USB Hub,Accessories,Europe,20,34.35,687.0,297.36,389.64,CUST-9189,PayPal
2024-03-01 17:04:26.933867736,Wireless Mouse,Peripherals,Middle East,24,565.68,13576.32,9073.65,4502.67,CUST-9782,Stripe
2024-03-03 04:11:03.727454912,Fast Charger 65W,Electronics,Europe,33,239.88,7916.04,5520.98,2395.06,CUST-1269,PayPal
2024-03-04 15:17:40.521042080,Wireless Mouse,Peripherals,Latin America,24,267.2,6412.8,2683.47,3729.33,CUST-9443,Stripe
2024-03-06 02:24:17.314629256,"Monitor 27""",Accessories,Latin America,11,81.59,897.49,596.72,300.77,CUST-4963,Bank Transfer
2024-03-07 13:30:54.108216432,Headset Pro,Peripherals,Asia Pacific,49,483.25,23679.25,13137.81,10541.44,CUST-3352,Stripe
2024-03-09 00:37:30.901803608,Wireless Mouse,Peripherals,Middle East,8,130.75,1046.0,702.86,343.14,CUST-5772,Stripe
2024-03-10 11:44:07.695390784,Fast Charger 65W,Accessories,Latin America,36,373.12,13432.32,7675.17,5757.15,CUST-8032,PayPal
2024-03-11 22:50:44.488977952,"Monitor 27""",Accessories,Middle East,38,548.85,20856.3,12485.28,8371.02,CUST-1025,PayPal
2024-03-13 09:57:21.282565128,Fast Charger 65W,Electronics,Europe,40,71.64,2865.6,1613.72,1251.88,CUST-6780,Credit Card
2024-03-14 21:03:58.076152304,Fast Charger 65W,Electronics,Latin America,20,354.94,7098.8,4680.58,2418.22,CUST-4941,Stripe
2024-03-16 08:10:34.869739480,Laptop Pro,Accessories,North America,35,163.09,5708.15,3540.04,2168.11,CUST-7825,Bank Transfer
2024-03-17 19:17:11.663326648,Fast Charger 65W,Electronics,Latin America,48,232.76,11172.48,6216.12,4956.36,CUST-4068,Credit Card
2024-03-19 06:23:48.456913824,Wireless Mouse,Accessories,Middle East,25,315.97,7899.25,5217.05,2682.2,CUST-2402,Credit Card
2024-03-20 17:30:25.250501000,Headset Pro,Peripherals,Latin America,35,240.49,8417.15,3986.24,4430.91,CUST-9576,Credit Card
2024-03-22 04:37:02.044088176,Fast Charger 65W,Electronics,Asia Pacific,25,427.0,10675.0,4773.88,5901.12,CUST-6908,PayPal
2024-03-23 15:43:38.837675352,Fast Charger 65W,Accessories,North America,29,319.53,9266.37,4152.45,5113.92,CUST-2108,PayPal
2024-03-25 02:50:15.631262520,Phone Case,Peripherals,Asia Pacific,18,385.97,6947.46,3475.14,3472.32,CUST-9618,PayPal
2024-03-26 13:56:52.424849696,Webcam 4K,Peripherals,Europe,46,482.88,22212.48,10475.56,11736.92,CUST-9914,Bank Transfer
2024-03-28 01:03:29.218436872,Keyboard Mechanical,Accessories,Latin America,18,369.17,6645.06,4512.18,2132.88,CUST-9312,Stripe
2024-03-29 12:10:06.012024048,"Monitor 27""",Accessories,Latin America,2,387.45,774.9,334.56,440.34,CUST-9316,Credit Card
2024-03-30 23:16:42.805611224,Webcam 4K,Peripherals,Europe,35,373.43,13070.05,7968.77,5101.28,CUST-1333,PayPal
2024-04-01 10:23:19.599198392,"Monitor 27""",Peripherals,Asia Pacific,16,255.52,4088.32,1867.41,2220.91,CUST-7397,Stripe
2024-04-02 21:29:56.392785568,Keyboard Mechanical,Accessories,North America,41,229.28,9400.48,6246.54,3153.94,CUST-8702,Credit Card
2024-04-04 08:36:33.186372744,Headset Pro,Accessories,Asia Pacific,36,586.28,21106.08,14529.31,6576.77,CUST-1713,Stripe
2024-04-05 19:43:09.979959920,USB Hub,Peripherals,Middle East,33,400.8,13226.4,,6088.89,CUST-7338,Credit Card
2024-04-07 06:49:46.773547096,Keyboard Mechanical,Peripherals,Asia Pacific,4,170.16,680.64,,228.88,CUST-7116,Stripe
2024-04-08 17:56:23.567134264,Tablet Air,Accessories,North America,33,331.39,10935.87,4391.23,6544.64,CUST-5155,PayPal
2024-04-10 05:03:00.360721440,Webcam 4K,Accessories,Latin America,14,224.77,3146.78,2032.77,1114.01,CUST-1266,Stripe
2024-04-11 16:09:37.154308616,Wireless Mouse,Peripherals,Asia Pacific,21,607.89,12765.69,5981.84,6783.85,CUST-6850,Stripe
2024-04-13 03:16:13.947895792,Laptop Pro,Accessories,Europe,48,19.78,949.44,638.6,310.84,CUST-2106,Credit Card
2024-04-14 14:22:50.741482968,Tablet Air,Accessories,North America,20,158.09,3161.8,1265.78,1896.02,CUST-6649,Stripe
2024-04-16 01:29:27.535070136,Fast Charger 65W,Accessories,,8,247.0,1976.0,1120.1,855.9,CUST-4950,Bank Transfer
2024-04-17 12:36:04.328657312,Fast Charger 65W,Accessories,North America,7,324.76,2273.32,1425.35,847.97,CUST-2698,Credit Card
2024-04-18 23:42:41.122244488,Wireless Mouse,Electronics,Europe,3,555.27,1665.81,795.6,870.21,CUST-6447,Stripe
2024-04-20 10:49:17.915831664,Wireless Mouse,Electronics,Middle East,17,70.81,1203.77,551.25,652.52,CUST-3185,Bank Transfer
2024-04-21 21:55:54.709418840,Phone Case,Peripherals,North America,33,526.72,17381.76,,9990.52,CUST-1726,Credit Card
2024-04-23 09:02:31.503006008,"Monitor 27""",Electronics,North America,48,50.34,2416.32,1203.16,1213.16,CUST-6772,PayPal
2024-04-24 20:09:08.296593184,Phone Case,Accessories,Asia Pacific,12,549.87,6598.44,3747.61,2850.83,CUST-9945,Credit Card
2024-04-26 07:15:45.090180360,Keyboard Mechanical,Electronics,Europe,22,47.79,1051.38,457.09,594.29,CUST-6546,Credit Card
2024-04-27 18:22:21.883767536,USB Hub,Peripherals,Europe,22,26.58,584.76,299.99,284.77,CUST-3868,Stripe
2024-04-29 05:28:58.677354704,Webcam 4K,Peripherals,Middle East,46,457.57,21048.22,8476.58,12571.64,CUST-8612,Bank Transfer
2024-04-30 16:35:35.470941880,Wireless Mouse,Peripherals,Europe,30,648.26,19447.8,12555.57,6892.23,CUST-8840,Credit Card
2024-05-02 03:42:12.264529056,"Monitor 27""",Electronics,North America,38,584.35,22205.3,9737.79,12467.51,CUST-3986,Credit Card
2024-05-03 14:48:49.058116232,Webcam 4K,Electronics,Middle East,38,380.76,14468.88,7017.45,7451.43,CUST-3209,Credit Card
2024-05-05 01:55:25.851703408,Keyboard Mechanical,Electronics,Europe,45,597.55,26889.75,10904.56,15985.19,CUST-2033,Stripe
2024-05-06 13:02:02.645290576,USB Hub,Peripherals,Middle East,8,18.37,146.96,77.84,69.12,CUST-8498,Credit Card
2024-05-08 00:08:39.438877752,Tablet Air,Accessories,Europe,27,634.17,17122.59,11164.55,5958.04,CUST-1605,Bank Transfer
2024-05-09 11:15:16.232464928,Phone Case,Accessories,Europe,27,326.63,8819.01,4565.12,4253.89,CUST-5807,Stripe
2024-05-10 22:21:53.026052104,Keyboard Mechanical,Peripherals,Asia Pacific,34,474.04,16117.36,7314.85,8802.51,CUST-4302,PayPal
2024-05-12 09:28:29.819639280,Fast Charger 65W,Peripherals,Europe,21,536.25,11261.25,7050.78,4210.47,CUST-1717,PayPal
2024-05-13 20:35:06.613226448,Phone Case,Peripherals,Middle East,30,471.22,14136.6,,5136.65,CUST-4268,Stripe
2024-05-15 07:41:43.406813624,Laptop Pro,Peripherals,North America,33,354.75,11706.75,5292.93,6413.82,CUST-1686,Bank Transfer
2024-05-16 18:48:20.200400800,Phone Case,Accessories,Asia Pacific,28,317.65,8894.2,5614.52,3279.68,CUST-6170,Stripe
2024-05-18 05:54:56.993987976,Keyboard Mechanical,Electronics,Europe,47,547.5,25732.5,17605.9,8126.6,CUST-6080,Stripe
2024-05-19 17:01:33.787575152,Wireless Mouse,Electronics,Europe,33,145.22,4792.26,2156.1,2636.16,CUST-9444,Stripe
2024-05-21 04:08:10.581162320,USB Hub,Accessories,Middle East,5,629.68,3148.4,1987.57,1160.83,CUST-7524,Stripe
2024-05-22 15:14:47.374749496,Keyboard Mechanical,Electronics,Asia Pacific,48,466.45,22389.6,13715.23,8674.37,CUST-9897,Credit Card
2024-05-24 02:21:24.168336672,Wireless Mouse,Accessories,Europe,19,141.69,2692.11,1459.32,1232.79,CUST-8756,PayPal
2024-05-25 13:28:00.961923848,Wireless Mouse,Electronics,North America,4,482.52,1930.08,805.57,1124.51,CUST-5150,Bank Transfer
2024-05-27 00:34:37.755511024,Phone Case,Accessories,North America,35,351.45,12300.75,5195.94,7104.81,CUST-1599,Credit Card
2024-05-28 11:41:14.549098192,USB Hub,Electronics,Europe,49,464.09,22740.41,14911.44,7828.97,CUST-4131,PayPal
2024-05-29 22:47:51.342685368,Keyboard Mechanical,Peripherals,North America,17,502.54,8543.18,5954.98,2588.2,CUST-5687,Stripe
2024-05-31 09:54:28.136272544,Keyboard Mechanical,Peripherals,Asia Pacific,44,70.43,3098.92,1868.08,1230.84,CUST-6848,PayPal
2024-06-01 21:01:04.929859720,Fast Charger 65W,Electronics,Europe,28,336.38,9418.64,5027.55,4391.09,CUST-1783,PayPal
2024-06-03 08:07:41.723446896,"Monitor 27""",Accessories,Middle East,30,606.83,18204.9,10818.66,7386.24,CUST-6438,Credit Card
2024-06-04 19:14:18.517034064,Webcam 4K,Electronics,Asia Pacific,29,218.61,6339.69,3666.36,2673.33,CUST-5476,Credit Card
2024-06-06 06:20:55.310621240,"Monitor 27""",Electronics,North America,46,392.12,18037.52,9290.83,8746.69,CUST-3039,Bank Transfer
2024-06-07 17:27:32.104208416,Keyboard Mechanical,Peripherals,Europe,6,249.46,1496.76,628.17,868.59,CUST-7029,Stripe
2024-06-09 04:34:08.897795592,Phone Case,Accessories,Asia Pacific,35,303.46,10621.1,6866.05,3755.05,CUST-8159,Stripe
2024-06-10 15:40:45.691382760,Tablet Air,Peripherals,North America,41,363.36,14897.76,7620.95,7276.81,CUST-7553,Stripe
2024-06-12 02:47:22.484969936,Keyboard Mechanical,Electronics,Europe,37,363.57,13452.09,8685.15,4766.94,CUST-8204,PayPal
2024-06-13 13:53:59.278557112,Laptop Pro,Peripherals,,24,143.1,3434.4,1633.92,1800.48,CUST-7334,PayPal
2024-06-15 01:00:36.072144288,Wireless Mouse,Accessories,Middle East,29,449.7,13041.3,5220.55,7820.75,CUST-6554,Stripe
2024-06-16 12:07:12.865731464,Headset Pro,Electronics,North America,49,70.8,3469.2,1553.1,1916.1,CUST-4060,Bank Transfer
2024-06-17 23:13:49.659318632,Keyboard Mechanical,Electronics,North America,46,103.15,4744.9,2564.91,2179.99,CUST-9129,PayPal
2024-06-19 10:20:26.452905808,Laptop Pro,Peripherals,Latin America,31,16.72,518.32,354.16,164.16,CUST-9151,Bank Transfer
2024-06-20 21:27:03.246492984,Laptop Pro,Accessories,Latin America,35,89.1,3118.5,1343.01,1775.49,CUST-7018,PayPal
2024-06-22 08:33:40.040080160,Webcam 4K,Accessories,Asia Pacific,33,315.46,10410.18,6831.82,3578.36,CUST-9507,Credit Card
2024-06-23 19:40:16.833667336,USB Hub,Accessories,Middle East,21,399.87,8397.27,4686.58,3710.69,CUST-5369,Credit Card
2024-06-25 06:46:53.627254504,Keyboard Mechanical,Accessories,Middle East,32,519.37,16619.84,10765.94,5853.9,CUST-2353,Stripe
2024-06-26 17:53:30.420841680,USB Hub,Accessories,North America,23,82.75,1903.25,931.66,971.59,CUST-7955,Credit Card
2024-06-28 05:00:07.214428856,Tablet Air,Electronics,Latin America,33,555.21,18321.93,11945.61,6376.32,CUST-2293,PayPal
2024-06-29 16:06:44.008016032,Phone Case,Electronics,Middle East,3,488.69,1466.07,926.33,539.74,CUST-8055,PayPal
2024-07-01 03:13:20.801603208,Headset Pro,Accessories,Europe,18,274.41,4939.38,2316.65,2622.73,CUST-3956,Credit Card
2024-07-02 14:19:57.595190376,Phone Case,Accessories,Middle East,25,607.42,15185.5,6672.52,8512.98,CUST-9937,Credit Card
2024-07-04 01:26:34.388777552,Laptop Pro,Electronics,North America,42,644.24,27058.08,17869.6,9188.48,CUST-5813,Credit Card
2024-07-05 12:33:11.182364728,Wireless Mouse,Electronics,Middle East,31,145.18,4500.58,3100.77,1399.81,CUST-6262,Stripe
2024-07-06 23:39:47.975951904,Wireless Mouse,Accessories,Asia Pacific,3,255.81,767.43,314.18,453.25,CUST-2680,Credit Card
2024-07-08 10:46:24.769539080,USB Hub,Accessories,Latin America,40,603.3,24132.0,14946.9,9185.1,CUST-2311,PayPal
2024-07-09 21:53:01.563126248,Phone Case,Electronics,North America,46,473.21,21767.66,14646.53,7121.13,CUST-6372,Credit Card
2024-07-11 08:59:38.356713424,Laptop Pro,Peripherals,North America,24,45.54,1092.96,718.3,374.66,CUST-5843,Stripe
2024-07-12 20:06:15.150300600,Webcam 4K,Peripherals,Latin America,32,511.26,16360.32,11278.09,5082.23,CUST-6021,Stripe
2024-07-14 07:12:51.943887776,Fast Charger 65W,Peripherals,Latin America,47,540.74,25414.78,15961.2,9453.58,CUST-8305,PayPal
2024-07-15 18:19:28.737474944,Phone Case,Electronics,Latin America,22,491.57,10814.54,5760.79,5053.75,CUST-7981,PayPal
2024-07-17 05:26:05.531062120,USB Hub,Electronics,North America,23,522.71,12022.33,5934.05,6088.28,CUST-3730,Credit Card
2024-07-18 16:32:42.324649296,Headset Pro,Electronics,Latin America,2,538.96,1077.92,534.89,543.03,CUST-8272,PayPal
2024-07-20 03:39:19.118236472,USB Hub,Peripherals,Latin America,27,133.37,3600.99,2222.99,1378.0,CUST-6759,Bank Transfer
2024-07-21 14:45:55.911823648,Laptop Pro,Accessories,North America,42,164.66,6915.72,4313.69,2602.03,CUST-8325,PayPal
2024-07-23 01:52:32.705410816,Keyboard Mechanical,Electronics,North America,2,417.44,834.88,384.13,450.75,CUST-1693,Bank Transfer
2024-07-24 12:59:09.498997992,Webcam 4K,Electronics,Asia Pacific,26,591.49,15378.74,10156.69,5222.05,CUST-6776,Bank Transfer
2024-07-26 00:05:46.292585168,Laptop Pro,Electronics,Middle East,17,215.78,3668.26,2254.06,1414.2,CUST-8126,PayPal
2024-07-27 11:12:23.086172344,Webcam 4K,Peripherals,Europe,40,388.57,15542.8,8841.13,6701.67,CUST-5498,Bank Transfer
2024-07-28 22:18:59.879759520,"Monitor 27""",Accessories,North America,33,448.69,14806.77,8017.27,6789.5,CUST-1939,PayPal
2024-07-30 09:25:36.673346688,"Monitor 27""",Peripherals,Europe,9,301.99,2717.91,1530.1,1187.81,CUST-2229,PayPal
2024-07-31 20:32:13.466933864,Wireless Mouse,Peripherals,Asia Pacific,43,468.25,20134.75,9015.81,11118.94,CUST-7655,Stripe
2024-08-02 07:38:50.260521040,Webcam 4K,Peripherals,Middle East,48,586.29,28141.92,12976.53,15165.39,CUST-6952,Bank Transfer
2024-08-03 18:45:27.054108216,Phone Case,Electronics,Middle East,39,411.3,16040.7,6854.98,9185.72,CUST-9406,Bank Transfer
2024-08-05 05:52:03.847695392,Headset Pro,Peripherals,Middle East,29,357.76,10375.04,4628.28,5746.76,CUST-3621,Credit Card
2024-08-06 16:58:40.641282560,Fast Charger 65W,Accessories,Asia Pacific,42,293.6,12331.2,6610.86,5720.34,CUST-1510,PayPal
2024-08-08 04:05:17.434869736,USB Hub,Accessories,Latin America,26,381.7,9924.2,5548.68,4375.52,CUST-3339,Stripe
2024-08-09 15:11:54.228456912,"Monitor 27""",Accessories,Middle East,35,240.66,8423.1,3414.38,5008.72,CUST-8179,Stripe
2024-08-11 02:18:31.022044088,USB Hub,Accessories,Middle East,25,263.59,6589.75,4211.11,2378.64,CUST-1570,Credit Card
2024-08-12 13:25:07.815631264,USB Hub,Peripherals,Asia Pacific,24,352.73,8465.52,4133.29,4332.23,CUST-3068,Bank Transfer
2024-08-14 00:31:44.609218432,Headset Pro,Accessories,Latin America,13,57.3,744.9,501.73,243.17,CUST-2101,Stripe
2024-08-15 11:38:21.402805608,Laptop Pro,Accessories,Middle East,7,160.43,1123.01,775.16,347.85,CUST-4866,Bank Transfer
2024-08-16 22:44:58.196392784,USB Hub,Peripherals,Middle East,36,359.71,12949.56,5900.31,7049.25,CUST-7001,Stripe
2024-08-18 09:51:34.989979960,Webcam 4K,Peripherals,Latin America,45,289.02,13005.9,7005.36,6000.54,CUST-6933,Stripe
2024-08-19 20:58:11.783567136,Headset Pro,Electronics,North America,20,226.34,4526.8,1812.39,2714.41,CUST-7272,PayPal
2024-08-21 08:04:48.577154304,"Monitor 27""",Peripherals,North America,1,478.9,478.9,277.52,201.38,CUST-1530,Bank Transfer
2024-08-22 19:11:25.370741480,Keyboard Mechanical,Peripherals,Middle East,8,455.51,3644.08,2121.55,1522.53,CUST-3513,Stripe
2024-08-24 06:18:02.164328656,USB Hub,Electronics,Europe,46,120.87,5560.02,2636.91,2923.11,CUST-8371,PayPal
2024-08-25 17:24:38.957915832,Wireless Mouse,Electronics,Latin America,16,572.93,9166.88,5202.42,3964.46,CUST-7077,Stripe
2024-08-27 04:31:15.751503000,Headset Pro,Peripherals,Latin America,14,329.59,4614.26,2157.91,2456.35,CUST-7095,PayPal
2024-08-28 15:37:52.545090176,Laptop Pro,Electronics,Europe,12,485.83,5829.96,2613.27,3216.69,CUST-8273,PayPal
2024-08-30 02:44:29.338677352,Tablet Air,Accessories,Latin America,23,378.95,8715.85,5189.9,3525.95,CUST-2259,Bank Transfer
2024-08-31 13:51:06.132264528,"Monitor 27""",Peripherals,Asia Pacific,15,648.53,9727.95,4842.36,4885.59,CUST-3255,PayPal
2024-09-02 00:57:42.925851704,"Monitor 27""",Electronics,Latin America,28,492.78,13797.84,7962.45,5835.39,CUST-9674,Stripe
2024-09-03 12:04:19.719438872,Tablet Air,Electronics,Latin America,34,463.93,15773.62,8359.61,7414.01,CUST-7012,Credit Card
2024-09-04 23:10:56.513026048,Webcam 4K,Electronics,Latin America,2,509.39,1018.78,708.36,310.42,CUST-7521,Stripe
2024-09-06 10:17:33.306613224,Keyboard Mechanical,Electronics,North America,32,105.89,3388.48,1507.45,1881.03,CUST-6150,Stripe
2024-09-07 21:24:10.100200400,"Monitor 27""",Peripherals,Asia Pacific,23,144.89,3332.47,1797.47,1535.0,CUST-5566,PayPal
2024-09-09 08:30:46.893787576,"Monitor 27""",Electronics,Latin America,22,468.43,10305.46,6225.91,4079.55,CUST-5089,Stripe
2024-09-10 19:37:23.687374744,Laptop Pro,Electronics,Asia Pacific,25,328.68,8217.0,4261.86,3955.14,CUST-2858,PayPal
2024-09-12 06:44:00.480961920,"Monitor 27""",Electronics,Asia Pacific,22,494.19,10872.18,7528.01,3344.17,CUST-1424,Bank Transfer
2024-09-13 17:50:37.274549096,Headset Pro,Accessories,Asia Pacific,22,80.35,1767.7,1089.9,677.8,CUST-4048,PayPal
2024-09-15 04:57:14.068136272,Webcam 4K,Accessories,Europe,49,355.67,17427.83,10406.07,7021.76,CUST-9176,Bank Transfer
2024-09-16 16:03:50.861723448,Keyboard Mechanical,Peripherals,Latin America,42,255.55,10733.1,6730.92,4002.18,CUST-9482,Credit Card
2024-09-18 03:10:27.655310616,Wireless Mouse,Peripherals,North America,6,305.2,1831.2,1255.83,575.37,CUST-7340,Stripe
2024-09-19 14:17:04.448897792,Keyboard Mechanical,Accessories,North America,15,398.51,5977.65,4019.05,1958.6,CUST-2929,Bank Transfer
2024-09-21 01:23:41.242484968,Webcam 4K,Accessories,North America,43,333.95,14359.85,8864.13,5495.72,CUST-5288,Credit Card
2024-09-22 12:30:18.036072144,Phone Case,Electronics,,37,357.81,13238.97,8271.03,4967.94,CUST-5264,PayPal
2024-09-23 23:36:54.829659320,Headset Pro,Electronics,Latin America,33,323.84,10686.72,4742.52,5944.2,CUST-8311,Credit Card
2024-09-25 10:43:31.623246488,Phone Case,Accessories,North America,8,274.69,2197.52,946.77,1250.75,CUST-4515,Bank Transfer
2024-09-26 21:50:08.416833664,Webcam 4K,Peripherals,Asia Pacific,44,505.15,22226.6,12697.42,9529.18,CUST-5678,Stripe
2024-09-28 08:56:45.210420840,Laptop Pro,Accessories,Europe,44,22.75,1001.0,405.92,595.08,CUST-9047,Credit Card
2024-09-29 20:03:22.004008016,Wireless Mouse,Peripherals,Middle East,5,395.01,1975.05,1075.82,899.23,CUST-4279,Credit Card
2024-10-01 07:09:58.797595192,Keyboard Mechanical,Accessories,North America,39,374.1,14589.9,6756.65,7833.25,CUST-3009,PayPal
2024-10-02 18:16:35.591182360,USB Hub,Electronics,Middle East,4,469.77,1879.08,946.69,932.39,CUST-3223,PayPal
2024-10-04 05:23:12.384769536,Fast Charger 65W,Peripherals,Middle East,6,395.38,2372.28,1501.04,871.24,CUST-2213,Stripe
2024-10-05 16:29:49.178356712,Keyboard Mechanical,Electronics,Middle East,45,540.02,24300.9,16582.24,7718.66,CUST-8406,PayPal
2024-10-07 03:36:25.971943888,Laptop Pro,Accessories,Asia Pacific,32,624.01,19968.32,8421.14,11547.18,CUST-3828,Bank Transfer
2024-10-08 14:43:02.765531056,Wireless Mouse,Peripherals,North America,30,232.5,6975.0,3907.9,3067.1,CUST-8292,Bank Transfer
2024-10-10 01:49:39.559118232,Fast Charger 65W,Peripherals,Latin America,47,159.37,7490.39,4979.31,2511.08,CUST-2438,Credit Card
2024-10-11 12:56:16.352705408,Headset Pro,Peripherals,Asia Pacific,35,283.98,9939.3,4221.74,5717.56,CUST-6236,PayPal
2024-10-13 00:02:53.146292584,Webcam 4K,Electronics,Latin America,40,197.84,7913.6,5122.9,2790.7,CUST-6692,PayPal
2024-10-14 11:09:29.939879760,Webcam 4K,Accessories,North America,16,405.49,6487.84,3291.54,3196.3,CUST-2063,Credit Card
2024-10-15 22:16:06.733466928,Headset Pro,Electronics,Asia Pacific,13,594.03,7722.39,3835.16,3887.23,CUST-9882,Stripe
2024-10-17 09:22:43.527054104,Fast Charger 65W,Peripherals,Middle East,42,103.34,4340.28,3008.86,1331.42,CUST-5757,PayPal
2024-10-18 20:29:20.320641280,Phone Case,Electronics,Asia Pacific,30,79.0,2370.0,1090.81,1279.19,CUST-5914,PayPal
2024-10-20 07:35:57.114228456,Wireless Mouse,Peripherals,Asia Pacific,19,177.57,3373.83,2051.15,1322.68,CUST-3580,Stripe
2024-10-21 18:42:33.907815632,Headset Pro,Electronics,North America,17,476.07,8093.19,5231.7,2861.49,CUST-3852,PayPal
2024-10-23 05:49:10.701402800,Fast Charger 65W,Accessories,Middle East,19,391.53,7439.07,3067.54,4371.53,CUST-6922,Bank Transfer
2024-10-24 16:55:47.494989976,"Monitor 27""",Electronics,Middle East,28,79.91,2237.48,1344.98,892.5,CUST-9335,Bank Transfer
2024-10-26 04:02:24.288577152,Keyboard Mechanical,Electronics,Europe,26,598.41,15558.66,10664.92,4893.74,CUST-4673,Stripe
2024-10-27 15:09:01.082164328,Laptop Pro,Electronics,Europe,37,516.7,19117.9,8359.61,10758.29,CUST-2988,Stripe
2024-10-29 02:15:37.875751504,Headset Pro,Electronics,Latin America,26,29.62,770.12,515.11,255.01,CUST-4292,Bank Transfer
2024-10-30 13:22:14.669338672,Laptop Pro,Accessories,Europe,23,428.62,9858.26,5702.34,4155.92,CUST-3275,Bank Transfer
2024-11-01 00:28:51.462925848,Phone Case,Peripherals,North America,9,504.74,4542.66,2657.37,1885.29,CUST-4878,Bank Transfer
2024-11-02 11:35:28.256513024,Phone Case,Peripherals,Asia Pacific,12,252.77,3033.24,1771.06,1262.18,CUST-9094,Bank Transfer
2024-11-03 22:42:05.050100200,"Monitor 27""",Peripherals,Middle East,1,58.77,58.77,28.78,29.99,CUST-1430,Stripe
2024-11-05 09:48:41.843687376,Webcam 4K,Accessories,Asia Pacific,1,64.1,64.1,43.62,20.48,CUST-6912,Stripe
2024-11-06 20:55:18.637274544,Headset Pro,Accessories,North America,47,81.2,3816.4,2611.2,1205.2,CUST-7044,Credit Card
2024-11-08 08:01:55.430861720,Wireless Mouse,Electronics,Asia Pacific,34,548.68,18655.12,10961.59,7693.53,CUST-8657,Stripe
2024-11-09 19:08:32.224448896,Webcam 4K,Accessories,Middle East,32,593.29,18985.28,12056.16,6929.12,CUST-3126,Bank Transfer
2024-11-11 06:15:09.018036072,Fast Charger 65W,Peripherals,Europe,48,92.98,4463.04,2604.98,1858.06,CUST-2412,PayPal
2024-11-12 17:21:45.811623248,Webcam 4K,Accessories,Latin America,25,164.8,4120.0,2246.72,1873.28,CUST-2077,Bank Transfer
2024-11-14 04:28:22.605210416,Wireless Mouse,Peripherals,Middle East,40,120.11,4804.4,2874.21,1930.19,CUST-6067,Bank Transfer
2024-11-15 15:34:59.398797592,Keyboard Mechanical,Accessories,Middle East,45,133.31,5998.95,3394.81,2604.14,CUST-7523,Stripe
2024-11-17 02:41:36.192384768,Phone Case,Accessories,Middle East,1,546.81,546.81,316.74,230.07,CUST-8842,Credit Card
2024-11-18 13:48:12.985971944,Keyboard Mechanical,Peripherals,Middle East,16,225.91,3614.56,2295.79,1318.77,CUST-9612,PayPal
2024-11-20 00:54:49.779559112,Headset Pro,Peripherals,North America,39,212.77,8298.03,4516.38,3781.65,CUST-7730,PayPal
2024-11-21 12:01:26.573146288,Webcam 4K,Accessories,Middle East,5,159.4,797.0,328.54,468.46,CUST-7708,Credit Card
2024-11-22 23:08:03.366733464,Headset Pro,Accessories,Asia Pacific,22,401.01,8822.22,3962.94,4859.28,CUST-2208,Bank Transfer
2024-11-24 10:14:40.160320640,Keyboard Mechanical,Electronics,North America,29,255.86,7419.94,3944.31,3475.63,CUST-3053,Stripe
2024-11-25 21:21:16.953907816,Phone Case,Peripherals,Europe,3,487.6,1462.8,903.2,559.6,CUST-6194,Bank Transfer
2024-11-27 08:27:53.747494984,USB Hub,Electronics,Asia Pacific,12,145.54,1746.48,1009.44,737.04,CUST-2215,PayPal
2024-11-28 19:34:30.541082160,"Monitor 27""",Accessories,Asia Pacific,26,515.25,13396.5,7972.1,5424.4,CUST-8372,PayPal
2024-11-30 06:41:07.334669336,Headset Pro,Peripherals,Asia Pacific,16,398.36,6373.76,,2907.81,CUST-8632,Bank Transfer
2024-12-01 17:47:44.128256512,Headset Pro,Accessories,Asia Pacific,37,87.56,3239.72,1894.34,1345.38,CUST-9476,PayPal
2024-12-03 04:54:20.921843688,USB Hub,Peripherals,North America,22,278.21,6120.62,3052.39,3068.23,CUST-6644,Stripe
2024-12-04 16:00:57.715430856,Fast Charger 65W,Accessories,Europe,29,563.33,16336.57,8838.98,7497.59,CUST-3102,PayPal
2024-12-06 03:07:34.509018032,Fast Charger 65W,Electronics,Europe,14,601.08,8415.12,5245.01,3170.11,CUST-3981,Stripe
2024-12-07 14:14:11.302605208,Keyboard Mechanical,Electronics,Middle East,28,310.72,8700.16,5755.59,2944.57,CUST-3114,Bank Transfer
2024-12-09 01:20:48.096192384,Headset Pro,Electronics,Latin America,5,320.33,1601.65,849.03,752.62,CUST-8088,Bank Transfer
2024-12-10 12:27:24.889779560,Phone Case,Peripherals,North America,47,598.22,28116.34,11614.82,16501.52,CUST-9238,Stripe
2024-12-11 23:34:01.683366728,Laptop Pro,Peripherals,Europe,49,387.79,19001.71,8522.3,10479.41,CUST-1907,Stripe
2024-12-13 10:40:38.476953904,Keyboard Mechanical,Peripherals,North America,30,35.86,1075.8,437.05,638.75,CUST-3034,Stripe
2024-12-14 21:47:15.270541080,Keyboard Mechanical,Electronics,North America,46,594.6,27351.6,16300.98,11050.62,CUST-9488,PayPal
2024-12-16 08:53:52.064128256,"Monitor 27""",Peripherals,Middle East,5,172.62,863.1,431.29,431.81,CUST-3507,Bank Transfer
2024-12-17 20:00:28.857715432,Headset Pro,Accessories,Europe,12,381.8,4581.6,2578.27,2003.33,CUST-5982,PayPal
2024-12-19 07:07:05.651302600,Fast Charger 65W,Peripherals,Latin America,16,120.1,1921.6,1053.0,868.6,CUST-3697,PayPal
2024-12-20 18:13:42.444889776,Fast Charger 65W,Electronics,Latin America,26,36.51,949.26,402.92,546.34,CUST-3653,Stripe
2024-12-22 05:20:19.238476952,Webcam 4K,Electronics,Latin America,26,212.79,5532.54,2882.33,2650.21,CUST-6286,PayPal
2024-12-23 16:26:56.032064128,Tablet Air,Accessories,Asia Pacific,48,510.61,24509.28,11425.45,13083.83,CUST-4694,Credit Card
2024-12-25 03:33:32.825651304,Tablet Air,Peripherals,Europe,21,191.27,4016.67,2110.84,1905.83,CUST-6669,Credit Card
2024-12-26 14:40:09.619238472,Tablet Air,Peripherals,Asia Pacific,39,154.76,6035.64,2782.87,3252.77,CUST-9501,Credit Card
2024-12-28 01:46:46.412825648,"Monitor 27""",Accessories,Asia Pacific,36,150.05,5401.8,3522.71,1879.09,CUST-5653,Credit Card
2024-12-29 12:53:23.206412824,Phone Case,Accessories,Asia Pacific,33,342.14,11290.62,5106.27,6184.35,CUST-2292,Credit Card
2024-12-31 00:00:00.000000000,Tablet Air,Electronics,Middle East,30,634.47,19034.1,13099.92,5934.18,CUST-5105,Stripe
2023-01-15 15:06:07.935871743,Headset Pro,Electronics,Europe,11,406.07,4466.77,2254.9,2211.87,CUST-8242,Credit Card
2023-01-17 02:12:44.729458917,Laptop Pro,Electronics,Asia Pacific,24,614.37,14744.88,7969.16,6775.72,CUST-7785,Credit Card
2023-01-18 13:19:21.523046092,Laptop Pro,Peripherals,Latin America,36,614.6,22125.6,12998.63,9126.97,CUST-5475,Credit Card
2023-01-20 00:25:58.316633266,Wireless Mouse,Accessories,Latin America,40,565.67,22626.8,11614.74,11012.06,CUST-4531,Bank Transfer
2023-01-21 11:32:35.110220440,"Monitor 27""",Electronics,Asia Pacific,24,419.12,10058.88,6548.02,3510.86,CUST-9394,PayPal
